packetID;dataSize;timestamp;gyro_x;gyro_y;gyro_z;accel_x;accel_y;accel_z
171;20;12233;7;17;-43;-624;-1808;16064
171;20;12334;12;16;-28;-608;-1776;16000
171;20;12435;-2;-15;-52;-576;-1840;16016
171;20;12536;23;34;-50;-592;-1824;15984
171;20;12637;-29;31;-70;-624;-1824;16048
171;20;12738;76;9;-18;-640;-1872;16048
171;20;12839;17;0;-30;-704;-1904;16032
171;20;12940;-20;25;-29;-736;-1840;16080
171;20;13041;21;23;-42;-704;-1856;16144
171;20;13142;3;25;-14;-720;-1856;16096
171;20;13243;15;25;-19;-704;-1920;16080
171;20;13344;-30;27;-64;-672;-1920;16064
171;20;13445;22;21;21;-656;-1808;16064
171;20;13546;23;32;-5;-592;-1840;16048
171;20;13647;16;18;-50;-592;-1824;16080
171;20;13748;29;-3;-65;-608;-1856;16096
171;20;13849;-22;-10;-72;-688;-1872;16128
171;20;13950;49;17;-23;-640;-1808;16128
171;20;14051;-8;24;-79;-640;-1728;16048
171;20;14152;-12;20;-36;-640;-1808;16080
171;20;14253;18;19;-23;-704;-1824;16112
171;20;14354;9;27;-37;-656;-1792;16128
171;20;14455;24;19;-35;-608;-1792;16080
171;20;14556;28;-3;-56;-640;-1824;16032
171;20;14657;-7;15;-33;-672;-1872;16016
171;20;14758;-31;30;-49;-656;-1920;16080
171;20;14859;-1;30;-50;-640;-1952;16080
171;20;14960;-8;-2;-42;-656;-1856;16096
171;20;15061;-13;21;-45;-544;-1856;16080
171;20;15162;24;15;-53;-592;-1872;16096
171;20;15263;-4;18;-40;-576;-1904;16112
171;20;15364;40;12;-55;-608;-1936;16112
171;20;15465;16;23;-59;-640;-1808;16096
171;20;15566;-13;18;-31;-640;-1808;16080
171;20;15667;12;17;-73;-672;-1840;16128
171;20;15768;4;49;-118;-656;-1872;16128
171;20;15869;-17;11;-202;-592;-1904;16048
171;20;15970;25;9;-102;-528;-1920;16080
171;20;16071;2;4;1;-608;-1920;16064
171;20;16172;40;-13;22;-688;-1856;16080
171;20;16273;8;25;57;-704;-1856;16160
171;20;16374;25;52;-41;-672;-1808;16160
171;20;16475;17;12;32;-528;-1840;16144
171;20;16576;0;29;16;-576;-1808;16128
171;20;16677;-11;7;-19;-672;-1776;16128
171;20;16778;36;40;14;-656;-1840;16064
171;20;16879;1;-16;46;-608;-1856;16080
171;20;16980;-9;31;-78;-656;-1792;16048
171;20;17081;2;30;-7;-608;-1808;16080
171;20;17182;15;44;7;-624;-1824;16032
171;20;17283;-3;20;-13;-640;-1840;16096
171;20;17384;-5;7;-36;-592;-1872;16064
171;20;17485;-7;22;-25;-592;-1872;16048
171;20;17586;37;-28;-84;-640;-1856;16096
171;20;17687;-10;12;-3;-640;-1952;16048
171;20;17788;12;17;-12;-672;-1904;16016
171;20;17889;20;25;-56;-624;-1872;16064
171;20;17990;53;26;-41;-656;-1888;16112
171;20;18091;-22;9;-26;-656;-1872;16080
171;20;18192;44;6;-16;-640;-1888;16096
171;20;18293;0;16;-34;-656;-1856;16080
171;20;18394;-3;-3;-24;-592;-1856;16032
171;20;18495;22;11;-30;-608;-1888;15984
171;20;18596;29;-3;-66;-640;-1856;16016
171;20;18697;19;35;-47;-640;-1936;16000
171;20;18798;27;38;-49;-640;-1872;16048
171;20;18899;-5;25;-45;-656;-1856;16064
171;20;19000;-15;15;-20;-608;-1856;16112
171;20;19101;-4;25;-49;-608;-1808;16048
171;20;19202;13;18;-19;-640;-1808;16080
171;20;19303;45;22;-14;-672;-1888;16128
171;20;19404;12;7;-29;-656;-1856;16096
171;20;19505;-25;-3;-63;-688;-1808;16016
171;20;19606;7;6;-68;-624;-1824;16112
171;20;19707;-1;15;-5;-752;-1824;16064
171;20;19808;-16;9;-24;-656;-1856;16080
171;20;19909;-15;12;-33;-640;-1856;16128
171;20;20010;46;-1;-44;-592;-1840;16096
171;20;20111;-5;2;-85;-576;-1840;16000
171;20;20212;6;24;-51;-640;-1824;16032
171;20;20313;23;43;-25;-608;-1904;16080
171;20;20414;14;39;-42;-592;-1888;16144
171;20;20515;36;17;-65;-560;-1776;16128
171;20;20616;4;24;-28;-592;-1776;16096
171;20;20717;-6;28;-12;-640;-1824;16112
171;20;20818;14;20;-16;-624;-1872;16080
171;20;20919;20;17;-41;-672;-1840;16064
171;20;21020;14;25;-35;-672;-1840;16160
171;20;21121;22;-11;-55;-640;-1888;16176
171;20;21222;7;-7;-69;-672;-1936;16112
171;20;21323;29;35;-50;-640;-1888;16096
171;20;21424;32;0;-30;-624;-1872;16016
171;20;21525;19;32;-13;-608;-1904;16000
171;20;21626;10;3;-40;-640;-1808;16032
171;20;21727;7;13;-45;-672;-1808;16000
171;20;21828;5;24;-44;-624;-1856;16048
171;20;21929;3;13;-59;-640;-1856;16112
171;20;22030;-8;3;-56;-624;-1888;16128
171;20;22131;34;17;-42;-688;-1888;16080
171;20;22232;19;17;-23;-672;-1824;16128
171;20;22333;47;23;-31;-688;-1824;16160
171;20;22434;19;39;-6;-672;-1776;16080
171;20;22535;4;26;-54;-640;-1776;16080
171;20;22636;26;-2;-45;-624;-1808;16064
171;20;22737;9;24;-19;-592;-1824;16096
171;20;22838;2;5;-40;-656;-1824;16096
171;20;22939;14;18;-30;-592;-1856;16096
171;20;23040;16;23;-25;-608;-1872;16096
171;20;23141;41;20;-58;-624;-1824;16096
171;20;23242;42;27;-45;-640;-1872;16112
171;20;23343;22;3;-45;-688;-1840;16048
171;20;23444;-12;26;4;-672;-1824;16064
171;20;23545;30;16;-54;-704;-1824;16128
171;20;23646;-25;15;-52;-672;-1840;16048
171;20;23747;53;27;-30;-704;-1872;16064
171;20;23848;-34;15;-30;-688;-1888;16064
171;20;23949;30;29;-53;-672;-1872;16096
171;20;24050;2;-9;-20;-704;-1840;16064
171;20;24151;24;3;-53;-704;-1840;16000
171;20;24252;14;19;-80;-704;-1856;16064
171;20;24353;-46;42;-39;-688;-1808;16064
171;20;24454;60;5;-59;-656;-1872;16096
171;20;24555;-37;19;-15;-704;-1840;16032
171;20;24656;47;-3;-14;-704;-1856;15984
171;20;24757;39;15;-60;-624;-1872;16064
171;20;24858;-3;9;-46;-672;-1840;16064
171;20;24959;20;32;-11;-688;-1888;16064
171;20;25060;-6;13;-38;-688;-1808;16032
171;20;25161;22;10;-50;-704;-1856;16144
171;20;25262;-20;-2;-43;-688;-1824;16096
171;20;25363;38;17;-17;-656;-1904;16080
171;20;25464;9;-11;-49;-624;-1840;16032
171;20;25565;13;-5;-11;-688;-1840;16112
171;20;25666;6;17;-63;-672;-1888;16144
171;20;25767;3;-12;-28;-640;-1904;16112
171;20;25868;6;-11;-41;-640;-1920;16112
171;20;25969;23;-29;-57;-656;-1856;16064
171;20;26070;12;5;-32;-624;-1840;16048
171;20;26171;-29;8;-25;-576;-1808;16064
171;20;26272;14;-3;-50;-672;-1824;16080
171;20;26373;2;12;-14;-656;-1824;16064
171;20;26474;4;-1;-25;-640;-1792;16080
171;20;26575;-10;20;-86;-576;-1808;16112
171;20;26676;14;8;-17;-608;-1776;16080
171;20;26777;45;0;-68;-624;-1840;16128
171;20;26878;7;19;-33;-608;-1856;16112
171;20;26979;18;6;-55;-624;-1824;16048
171;20;27080;-9;16;-33;-592;-1888;16064
171;20;27181;18;24;-53;-640;-1840;16080
171;20;27282;-15;-31;-48;-624;-1840;16112
171;20;27383;10;32;-52;-656;-1888;16064
171;20;27484;12;33;-21;-704;-1888;16064
171;20;27585;38;-13;-29;-672;-1904;16048
171;20;27686;15;-17;-20;-672;-1888;15984
171;20;27787;0;15;-29;-672;-1968;15968
171;20;27888;25;27;-33;-656;-1952;15968
171;20;27989;-4;-4;-56;-640;-1872;15952
171;20;28090;-5;11;-23;-640;-1840;16064
171;20;28191;28;5;-59;-608;-1840;16080
171;20;28292;-2;-23;-75;-608;-1792;16080
171;20;28393;36;6;-16;-688;-1840;16064
171;20;28494;10;20;-38;-656;-1824;16096
171;20;28595;-22;24;-25;-672;-1856;16064
171;20;28696;8;6;-46;-688;-1840;16096
171;20;28797;-17;25;-55;-640;-1792;16080
171;20;28898;-6;18;-27;-592;-1776;16064
171;20;28999;35;-9;-36;-656;-1808;16160
171;20;29100;21;34;-20;-608;-1776;16080
171;20;29201;11;26;4;-592;-1744;16080
171;20;29302;5;-2;-44;-640;-1776;16080
171;20;29403;34;19;-29;-640;-1792;16080
171;20;29504;-23;29;-25;-592;-1872;16032
171;20;29605;22;12;-10;-624;-1872;16016
171;20;29706;22;-17;-32;-624;-1872;16000
171;20;29807;-2;18;-7;-704;-1856;16064
171;20;29908;4;-9;-26;-640;-1840;16016
171;20;30009;41;-1;-32;-672;-1840;16080
171;20;30110;-8;18;-35;-624;-1840;16000
171;20;30211;38;17;-82;-624;-1824;16016
171;20;30312;-4;22;-8;-608;-1808;16016
171;20;30413;-3;26;-32;-608;-1872;16032
171;20;30514;24;-22;-64;-640;-1840;16064
171;20;30615;42;12;10;-576;-1856;16080
171;20;30716;15;8;-49;-544;-1856;16048
171;20;30817;-4;20;0;-624;-1872;16080
171;20;30918;32;16;-73;-704;-1888;16048
171;20;31019;23;12;-51;-672;-1840;16096
171;20;31120;2;7;-37;-720;-1824;16032
171;20;31221;-5;23;-23;-704;-1808;16096
171;20;31322;18;-4;-66;-720;-1856;16064
171;20;31423;-9;24;-62;-672;-1856;16032
171;20;31524;33;9;-16;-640;-1872;15968
171;20;31625;-11;26;-52;-656;-1888;16048
171;20;31726;15;15;-51;-672;-1904;16016
171;20;31827;13;15;-38;-720;-1888;16000
171;20;31928;18;14;-20;-720;-1920;16048
171;20;32029;30;25;-44;-640;-1840;16128
171;20;32130;-10;24;-28;-608;-1872;16096
171;20;32231;10;8;-26;-560;-1856;16064
171;20;32332;-14;29;14;-576;-1872;16016
171;20;32433;27;31;-47;-608;-1840;16064
171;20;32534;20;29;-35;-640;-1872;16144
171;20;32635;32;6;-13;-576;-1856;16176
171;20;32736;23;4;-53;-688;-1872;16128
171;20;32837;0;8;-66;-672;-1824;16112
171;20;32938;0;18;-61;-624;-1872;16144
171;20;33039;-42;2;-45;-624;-1856;16176
171;20;33140;24;13;-56;-640;-1840;16112
171;20;33241;41;-12;-19;-640;-1824;16112
171;20;33342;-18;8;-34;-608;-1840;16080
171;20;33443;8;-21;-31;-640;-1840;16032
171;20;33544;-23;14;-58;-704;-1808;16048
171;20;33645;-27;12;-45;-704;-1808;16080
171;20;33746;6;22;-29;-720;-1840;16032
171;20;33847;14;40;-61;-672;-1808;16064
171;20;33948;32;32;-16;-656;-1856;16096
171;20;34049;17;13;-51;-640;-1888;16144
171;20;34150;30;0;-17;-624;-1856;16144
171;20;34251;3;15;-49;-608;-1856;16144
171;20;34352;25;11;-50;-672;-1872;16080
171;20;34453;5;25;-28;-672;-1792;16080
171;20;34554;-8;30;-47;-640;-1808;16016
171;20;34655;-14;17;-61;-640;-1840;16048
171;20;34756;28;18;-52;-752;-1872;16080
171;20;34857;-1;24;-40;-656;-1840;16064
171;20;34958;63;-19;-44;-640;-1824;16112
171;20;35059;37;10;-44;-640;-1840;16048
171;20;35160;-36;4;-31;-688;-1808;16048
171;20;35261;54;12;-49;-672;-1872;16048
171;20;35362;6;21;-23;-656;-1872;16128
171;20;35463;39;-2;-46;-704;-1904;16128
171;20;35564;1;8;-51;-672;-1840;16080
171;20;35665;21;8;-30;-624;-1872;16080
171;20;35766;17;3;-17;-624;-1840;16144
171;20;35867;39;15;-56;-592;-1840;16112
171;20;35968;18;-9;-33;-560;-1840;16032
171;20;36069;-4;-3;-42;-624;-1792;16080
171;20;36170;11;30;-64;-592;-1808;16032
171;20;36271;28;40;-50;-624;-1776;16032
171;20;36372;-3;11;-29;-672;-1792;16032
171;20;36473;19;3;-56;-672;-1824;16016
171;20;36574;12;18;-52;-624;-1872;16080
171;20;36675;-10;52;-74;-640;-1888;16112
171;20;36776;-9;13;-17;-640;-1808;16112
171;20;36877;-27;12;-48;-688;-1824;16128
171;20;36978;-14;19;-47;-640;-1824;16080
171;20;37079;28;11;-81;-720;-1808;16096
171;20;37180;-23;24;-23;-704;-1792;16064
171;20;37281;-12;21;-63;-688;-1840;16080
171;20;37382;-2;12;-43;-656;-1808;16048
171;20;37483;-19;20;-32;-656;-1792;16048
171;20;37584;24;0;-66;-624;-1776;16000
171;20;37685;30;20;-11;-656;-1808;16080
171;20;37786;-8;10;-29;-624;-1824;16064
171;20;37887;19;12;-33;-608;-1888;16016
171;20;37988;8;5;-35;-672;-1872;16032
171;20;38089;-7;15;-43;-672;-1888;16048
171;20;38190;13;33;-71;-576;-1856;16112
171;20;38291;26;-4;-51;-592;-1840;16192
171;20;38392;30;11;-61;-656;-1952;16064
171;20;38493;-4;36;-11;-704;-1888;16000
171;20;38594;2;7;-40;-688;-1856;16048
171;20;38695;21;25;-17;-672;-1904;16016
171;20;38796;-10;6;-17;-656;-1872;16000
171;20;38897;8;-1;-24;-640;-1904;16000
171;20;38998;27;18;-53;-592;-1920;15984
171;20;39099;38;34;-22;-608;-1920;16064
171;20;39200;10;21;-35;-592;-1904;16032
171;20;39301;10;6;-42;-640;-1856;16048
171;20;39402;19;36;-70;-672;-1936;16096
171;20;39503;21;25;-40;-640;-1872;16016
171;20;39604;-25;31;-56;-672;-1872;16032
171;20;39705;9;28;-47;-688;-1792;16000
171;20;39806;3;19;-47;-640;-1840;16032
171;20;39907;36;22;-35;-640;-1792;16048
171;20;40008;29;-13;-57;-656;-1840;16048
171;20;40109;0;19;-50;-640;-1888;16048
171;20;40210;23;14;-65;-608;-1904;16080
171;20;40311;-1;-3;-29;-672;-1872;16144
171;20;40412;1;12;-32;-720;-1824;16144
171;20;40513;4;-1;-28;-688;-1872;16080
171;20;40614;13;9;-21;-688;-1840;16144
171;20;40715;37;7;-62;-672;-1824;16112
171;20;40816;-6;-1;-21;-672;-1872;16096
171;20;40917;-13;6;-37;-608;-1856;16064
171;20;41018;-7;28;-79;-656;-1856;16064
171;20;41119;15;22;-39;-704;-1872;16080
171;20;41220;8;34;-47;-720;-1856;16016
171;20;41321;17;29;-35;-656;-1920;16048
171;20;41422;-8;12;-43;-672;-1888;16080
171;20;41523;29;5;-54;-656;-1856;16016
171;20;41624;20;10;-35;-672;-1856;16080
171;20;41725;-3;0;-13;-656;-1872;16064
171;20;41826;23;-15;-6;-624;-1888;16080
171;20;41927;-14;17;-42;-624;-1904;16128
171;20;42028;8;9;-24;-672;-1856;16128
171;20;42129;24;-4;-38;-624;-1808;16096
171;20;42230;12;47;-43;-624;-1824;16128
171;20;42331;-2;22;-48;-656;-1824;16096
171;20;42432;66;8;-28;-656;-1824;16096
171;20;42533;25;8;-36;-640;-1856;16192
171;20;42634;-14;2;-55;-624;-1792;16160
171;20;42735;2;20;-48;-624;-1808;16112
171;20;42836;2;-5;-71;-608;-1760;16112
171;20;42937;6;3;-31;-656;-1792;16112
171;20;43038;20;-5;-19;-592;-1824;16128
171;20;43139;9;32;-22;-608;-1904;16032
171;20;43240;18;6;-50;-688;-1856;16032
171;20;43341;44;10;-44;-672;-1888;16048
171;20;43442;5;-2;-31;-672;-1920;16064
171;20;43543;5;16;-48;-608;-1840;16048
171;20;43644;25;19;-30;-688;-1840;16048
171;20;43745;-10;39;-53;-640;-1840;16032
171;20;43846;3;23;1;-672;-1856;16112
171;20;43947;-2;18;-75;-720;-1824;16128
171;20;44048;-12;31;-51;-656;-1840;16144
171;20;44149;15;12;-34;-592;-1840;16096
171;20;44250;48;33;-42;-592;-1888;16048
171;20;44351;7;3;-18;-608;-1920;16048
171;20;44452;-6;20;-39;-624;-1808;16096
171;20;44553;-1;6;-44;-688;-1792;16048
171;20;44654;-7;-2;-90;-624;-1792;16096
171;20;44755;-5;20;-40;-656;-1856;16080
171;20;44856;10;43;-8;-608;-1936;16128
171;20;44957;19;23;-42;-656;-1888;16112
171;20;45058;1;13;-22;-640;-1824;16128
171;20;45159;20;29;-30;-672;-1792;16144
171;20;45260;0;4;-51;-624;-1824;16096
171;20;45361;-12;3;-36;-608;-1792;16016
171;20;45462;21;32;-43;-640;-1856;16000
171;20;45563;-10;49;-16;-640;-1856;16064
171;20;45664;18;30;-60;-656;-1856;16032
171;20;45765;5;22;-46;-640;-1840;16096
171;20;45866;1;10;-36;-656;-1808;16128
171;20;45967;36;35;-67;-656;-1808;16112
171;20;46068;15;28;-42;-640;-1840;16112
171;20;46169;16;18;-77;-592;-1808;16112
171;20;46270;5;15;-48;-592;-1792;16032
171;20;46371;15;14;-31;-576;-1808;16048
171;20;46472;-11;-5;-54;-624;-1840;16064
171;20;46573;5;-11;1;-672;-1856;16112
171;20;46674;17;-2;-32;-688;-1840;16128
171;20;46775;15;42;-37;-672;-1872;16128
171;20;46876;-20;31;-43;-656;-1856;16096
171;20;46977;25;15;-33;-624;-1872;16080
171;20;47078;-2;2;-59;-608;-1776;16064
171;20;47179;-21;18;-43;-640;-1776;16080
171;20;47280;24;15;-66;-688;-1792;16016
171;20;47381;-11;-5;-42;-736;-1776;16048
171;20;47482;10;35;-39;-688;-1808;16080
171;20;47583;-36;-4;-37;-672;-1840;16112
171;20;47684;-1;10;-23;-704;-1808;16144
171;20;47785;33;17;-65;-704;-1840;16096
171;20;47886;63;11;-39;-704;-1792;16064
171;20;47987;-18;-1;-33;-704;-1840;16080
171;20;48088;43;13;-91;-688;-1856;16080
171;20;48189;16;-11;-51;-704;-1840;16112
171;20;48290;5;24;-10;-720;-1840;16080
171;20;48391;6;21;-33;-656;-1856;16064
171;20;48492;-26;-10;-65;-624;-1824;16032
171;20;48593;60;0;-35;-624;-1856;16048
171;20;48694;-1;11;-19;-640;-1808;15984
171;20;48795;19;31;-38;-688;-1808;16016
171;20;48896;-16;31;-57;-704;-1824;16128
171;20;48997;1;32;-50;-736;-1792;16144
171;20;49098;8;16;-20;-704;-1760;16160
171;20;49199;-17;8;-19;-704;-1840;16080
171;20;49300;-3;19;-61;-672;-1824;16064
171;20;49401;26;25;-35;-656;-1808;16096
171;20;49502;17;2;-56;-688;-1776;16064
171;20;49603;-26;-7;-63;-656;-1760;16048
171;20;49704;0;25;-62;-640;-1776;16096
171;20;49805;18;32;-51;-688;-1712;16064
171;20;49906;-6;49;-24;-688;-1792;16096
171;20;50007;1;48;-65;-672;-1840;16048
171;20;50108;3;31;-16;-704;-1840;16080
171;20;50209;41;12;-22;-672;-1872;16096
171;20;50310;55;19;-53;-624;-1888;16064
171;20;50411;-11;24;-36;-592;-1888;16048
171;20;50512;42;5;-72;-592;-1824;16064
171;20;50613;20;2;-78;-592;-1936;16112
171;20;50714;126;0;-114;-624;-1936;16128
171;20;50815;190;83;-4;-640;-1792;16032
171;20;50916;48;-76;-71;-512;-1728;15936
171;20;51017;38;-31;72;-624;-1776;15952
171;20;51118;98;15;-286;-752;-1584;16096
171;20;51219;-66;88;-36;-496;-1744;16000
171;20;51320;50;21;113;-576;-1760;16112
171;20;51421;-6;25;-81;-688;-1664;16064
171;20;51522;-12;18;-7;-560;-1776;16096
171;20;51623;19;43;8;-656;-1728;16080
171;20;51724;-83;6;-2;-608;-1760;16080
171;20;51825;-32;9;-41;-688;-1760;16080
171;20;51926;-9;-4;-78;-592;-1760;16080
171;20;52027;-71;13;-42;-576;-1728;16112
171;20;52128;-63;-36;22;-624;-1824;16080
171;20;52229;-81;19;52;-688;-1824;16032
171;20;52330;-44;12;11;-672;-1824;16080
171;20;52431;24;6;-22;-640;-1808;16128
171;20;52532;-35;8;-88;-608;-1776;16080
171;20;52633;-2;30;-144;-640;-1792;16128
171;20;52734;43;11;-52;-672;-1792;16080
171;20;52835;51;-6;4;-688;-1856;16064
171;20;52936;31;26;59;-672;-1872;16096
171;20;53037;-7;-9;8;-624;-1792;16112
171;20;53138;23;-10;-9;-624;-1856;16064
171;20;53239;33;7;-70;-672;-1840;16032
171;20;53340;37;-8;-30;-640;-1760;16064
171;20;53441;52;48;-47;-608;-1824;16016
171;20;53542;10;36;-46;-560;-1808;16064
171;20;53643;-13;10;41;-560;-1824;16096
171;20;53744;-41;-45;-48;-640;-1840;16048
171;20;53845;-3;-45;-42;-496;-1888;16064
171;20;53946;-42;-23;-194;-608;-1824;16048
171;20;54047;-1478;1098;-2525;-736;-1888;16096
171;20;54148;-6669;-10891;-3086;-2352;-1632;16528
171;20;54249;-5983;6209;2476;-5024;-4128;16272
171;20;54350;13543;-17712;-4155;-4496;-3744;14880
171;20;54451;7605;7726;8023;-3120;832;13216
171;20;54552;6015;7464;8095;-2848;1632;12352
171;20;54653;-119;1750;668;-1488;1232;12816
171;20;54754;-268;-496;-1639;-1712;-1440;14016
171;20;54855;-148;4040;-1345;-1584;-1440;14784
171;20;54956;-809;2987;733;-1248;-1392;15920
171;20;55057;1475;-674;1323;-896;-1280;15792
171;20;55158;3886;-1285;278;-512;-1792;16512
171;20;55259;1;-50;106;-416;-2000;16096
171;20;55360;39;83;47;-416;-2080;16064
171;20;55461;-15;23;81;-416;-2224;16048
171;20;55562;25;26;94;-400;-2192;16032
171;20;55663;32;18;40;-336;-2208;15984
171;20;55764;30;33;35;-368;-2256;15984
171;20;55865;20;-21;-50;-400;-2256;16128
171;20;55966;36;26;-21;-352;-2240;16032
171;20;56067;22;38;-1;-368;-2272;16048
171;20;56168;28;29;-23;-384;-2320;15968
171;20;56269;53;11;55;-352;-2304;16144
171;20;56370;20;82;13;-416;-2272;16160
171;20;56471;-3;15;-22;-416;-2288;16080
171;20;56572;29;72;-2;-320;-2176;16064
171;20;56673;0;0;-24;-352;-2240;16096
171;20;56774;52;-8;-61;-368;-2224;16016
171;20;56875;22;62;25;-336;-2304;16016
171;20;56976;-5;24;-39;-320;-2240;16000
171;20;57077;-5;21;-22;-304;-2240;16032
171;20;57178;23;1;-22;-288;-2272;16032
171;20;57279;33;34;-47;-336;-2288;16096
171;20;57380;5;29;12;-336;-2224;16032
171;20;57481;24;38;-20;-288;-2192;16000
171;20;57582;26;38;-44;-304;-2160;16032
171;20;57683;-41;-15;30;-224;-2480;16400
171;20;57784;8;3;-31;-272;-2384;16192
171;20;57885;209;-1213;-1014;-304;-2336;16080
171;20;57986;2448;-349;-1797;-128;-1760;16528
171;20;58087;1127;-683;-4450;-560;-2208;17040
171;20;58188;-1911;264;-2674;-1072;-2032;16352
171;20;58289;-298;662;-1297;-992;-1552;16304
171;20;58390;-714;-441;-155;-848;-1888;16912
171;20;58491;208;0;806;-832;-1792;16400
171;20;58592;-13;177;556;-464;-1696;17184
171;20;58693;10;20;12;-640;-1920;16656
171;20;58794;18;56;43;-720;-2064;16336
171;20;58895;-33;62;58;-752;-2144;16176
171;20;58996;8;25;-10;-736;-2128;16016
171;20;59097;6;11;-2;-768;-2160;16016
171;20;59198;20;6;-11;-752;-2208;16000
171;20;59299;-15;32;-30;-704;-2224;16016
171;20;59400;38;-9;-43;-768;-2256;16064
171;20;59501;-3;30;-37;-832;-2224;16048
171;20;59602;38;12;3;-752;-2208;16032
171;20;59703;-16;11;-47;-672;-2256;16016
171;20;59804;25;-4;-78;-784;-2240;16000
171;20;59905;72;22;-10;-752;-2208;15936
171;20;60006;2;13;-23;-736;-2256;15936
171;20;60107;1;10;48;-688;-2144;15968
171;20;60208;-11;9;-80;-672;-2272;15984
171;20;60309;16;11;-65;-704;-2256;16080
171;20;60410;16;-13;-8;-768;-2224;16016
171;20;60511;17;-6;-11;-752;-2208;16064
171;20;60612;-22;8;-66;-656;-2224;16032
171;20;60713;-5;18;-19;-672;-2224;15984
171;20;60814;3;2;-41;-736;-2224;16064
171;20;60915;18;18;-12;-688;-2256;16080
171;20;61016;2;38;-49;-720;-2272;16032
171;20;61117;-22;-1;-25;-704;-2256;16016
171;20;61218;17;18;-42;-736;-2192;16080
171;20;61319;3;56;-57;-704;-2208;16064
171;20;61420;0;38;-19;-672;-2192;16000
171;20;61521;24;0;-6;-736;-2160;16000
171;20;61622;32;10;-57;-704;-2208;16064
171;20;61723;-2;6;-79;-640;-2288;16112
171;20;61824;35;-1;-76;-768;-2256;16048
171;20;61925;22;-22;-32;-672;-2240;16080
171;20;62026;14;23;-86;-656;-2224;16080
171;20;62127;30;61;-96;-608;-2352;16016
171;20;62228;-2;54;43;-528;-2448;15968
171;20;62329;-16;82;122;-656;-2256;15936
171;20;62430;-57;14;79;-704;-2416;15872
171;20;62531;81;22;12;-768;-2480;15968
171;20;62632;-76;40;-44;-704;-2272;15936
171;20;62733;54;5;-12;-592;-2240;15936
171;20;62834;52;19;33;-608;-2288;16016
171;20;62935;-42;24;-58;-672;-2176;16064
171;20;63036;-10;11;18;-592;-2176;16064
171;20;63137;52;-8;-35;-640;-2256;15984
171;20;63238;-4;41;9;-656;-2176;16000
171;20;63339;12;27;-14;-608;-2176;16080
171;20;63440;25;32;-7;-672;-2176;16048
171;20;63541;20;-16;-14;-640;-2192;16064
171;20;63642;29;20;-49;-592;-2192;16048
171;20;63743;12;-5;-32;-592;-2208;15984
171;20;63844;32;22;-45;-608;-2240;16000
171;20;63945;13;31;-35;-656;-2240;16016
171;20;64046;25;-9;-50;-624;-2208;16064
171;20;64147;11;2;-43;-592;-2272;16096
171;20;64248;5;44;-106;-608;-2240;16128
171;20;64349;10;28;-54;-624;-2240;16064
171;20;64450;42;-3;63;-704;-2240;16064
171;20;64551;4;19;-4;-752;-2224;16048
171;20;64652;-23;15;-63;-592;-2272;16016
171;20;64753;38;-2;-36;-656;-2208;15984
171;20;64854;-19;24;-115;-624;-2224;16016
171;20;64955;10;-17;-83;-688;-2192;16000
171;20;65056;-67;-7;11;-640;-2224;15968
171;20;65157;64;26;-49;-672;-2240;16016
171;20;65258;-41;5;-27;-752;-2288;16032
171;20;65359;36;-19;-22;-768;-2272;16048
171;20;65460;-28;13;18;-768;-2304;16032
171;20;65561;28;34;31;-672;-2256;16048
171;20;65662;-17;15;-106;-592;-2272;16112
171;20;65763;-13;33;-99;-624;-2224;16128
171;20;65864;-4;-2;-76;-720;-2304;16064
171;20;65965;-7;14;41;-688;-2320;16032
171;20;66066;-4;14;-10;-720;-2272;16096
171;20;66167;9;13;-61;-608;-2304;16064
171;20;66268;-1;-1;-57;-560;-2352;16096
171;20;66369;-3;13;-42;-656;-2272;16048
171;20;66470;24;2;6;-688;-2288;16064
171;20;66571;-26;-42;-34;-656;-2288;16000
171;20;66672;5;12;-45;-720;-2240;16000
171;20;66773;19;9;-50;-704;-2288;15984
171;20;66874;32;20;-45;-672;-2224;15984
171;20;66975;15;30;-25;-592;-2192;16064
171;20;67076;-10;18;-32;-640;-2160;15968
171;20;67177;-5;11;-62;-656;-2240;15968
171;20;67278;7;8;-26;-704;-2256;15968
171;20;67379;-5;-6;-54;-688;-2224;15936
171;20;67480;-17;45;-19;-656;-2256;15920
171;20;67581;16;24;-22;-704;-2208;15936
171;20;67682;32;14;-3;-704;-2256;15984
171;20;67783;-30;35;-63;-656;-2256;16080
171;20;67884;-14;14;-44;-592;-2288;16064
171;20;67985;13;39;-54;-640;-2272;16032
171;20;68086;-1;26;-75;-704;-2192;16096
171;20;68187;16;-1;-24;-688;-2256;16064
171;20;68288;3;28;-46;-656;-2192;16048
171;20;68389;37;21;-5;-736;-2240;15984
171;20;68490;-1;8;8;-688;-2256;15968
171;20;68591;-5;17;-17;-608;-2240;15968
171;20;68692;28;12;-27;-608;-2256;16016
171;20;68793;-1;-1;-58;-688;-2256;16064
171;20;68894;18;21;-75;-704;-2256;16080
171;20;68995;16;14;-21;-688;-2224;15968
171;20;69096;6;2;-37;-672;-2208;15920
171;20;69197;13;16;-45;-640;-2192;15936
171;20;69298;-5;-11;-41;-640;-2176;15920
171;20;69399;-19;-13;-17;-672;-2208;16032
171;20;69500;21;14;-26;-688;-2240;16096
171;20;69601;-33;-14;-46;-720;-2352;16064
171;20;69702;45;28;-49;-752;-2256;16032
171;20;69803;0;16;-42;-704;-2288;16016
171;20;69904;9;23;-19;-672;-2224;16016
171;20;70005;-21;2;-48;-656;-2240;15952
171;20;70106;28;27;-61;-736;-2256;16000
171;20;70207;6;10;-37;-784;-2256;16000
171;20;70308;33;26;-2;-672;-2224;15952
171;20;70409;6;21;-60;-640;-2240;15984
171;20;70510;14;26;-46;-672;-2272;16000
171;20;70611;10;2;-4;-672;-2288;16016
171;20;70712;24;-12;-42;-720;-2304;16016
171;20;70813;9;-1;-40;-656;-2288;16000
171;20;70914;25;33;-63;-672;-2320;16032
171;20;71015;-11;34;-77;-736;-2240;16080
171;20;71116;25;10;-14;-704;-2224;16000
171;20;71217;11;8;-55;-640;-2240;16000
171;20;71318;12;25;-30;-656;-2224;15968
171;20;71419;-10;6;-48;-704;-2224;15984
171;20;71520;13;35;-48;-704;-2208;16000
171;20;71621;19;17;-20;-720;-2240;15952
171;20;71722;-4;17;-67;-624;-2256;15888
171;20;71823;5;9;18;-608;-2272;15904
171;20;71924;9;31;-87;-624;-2272;16000
171;20;72025;3;6;-39;-640;-2224;16016
171;20;72126;6;6;-60;-672;-2256;16032
171;20;72227;27;-10;-94;-688;-2256;16048
171;20;72328;5;32;-93;-688;-2192;16048
171;20;72429;51;-27;-47;-704;-2160;16000
171;20;72530;41;-5;-3;-720;-2176;16032
171;20;72631;16;-40;30;-656;-2224;15984
171;20;72732;33;32;-41;-624;-2192;16064
171;20;72833;-41;11;-13;-704;-2144;15984
171;20;72934;-15;38;-48;-688;-2224;15984
171;20;73035;-21;36;29;-656;-2240;15920
171;20;73136;43;47;-30;-592;-2272;15984
171;20;73237;-15;40;-55;-672;-2304;15968
171;20;73338;85;8;-26;-672;-2176;16000
171;20;73439;-13;-5;-58;-688;-2208;16016
171;20;73540;70;-21;-46;-608;-2240;16032
171;20;73641;-11;3;-99;-656;-2192;15984
171;20;73742;-14;14;-13;-688;-2208;16080
171;20;73843;48;10;-61;-624;-2192;16080
171;20;73944;-19;22;-51;-592;-2288;16064
171;20;74045;0;16;-18;-640;-2240;16048
171;20;74146;1;24;-40;-672;-2176;16048
171;20;74247;11;-7;-60;-672;-2256;16032
171;20;74348;15;21;-42;-704;-2240;16032
171;20;74449;-21;29;-33;-736;-2256;16032
171;20;74550;27;10;39;-672;-2256;16000
171;20;74651;3;51;-49;-704;-2272;16032
171;20;74752;5;20;-65;-704;-2272;16112
171;20;74853;32;28;0;-720;-2256;16096
171;20;74954;-11;13;-29;-656;-2304;16080
171;20;75055;24;29;-44;-624;-2240;16096
171;20;75156;-12;9;-13;-640;-2288;16032
171;20;75257;12;23;-11;-688;-2240;16080
171;20;75358;26;23;-21;-720;-2256;16032
171;20;75459;-4;3;-1;-656;-2272;16016
171;20;75560;9;48;-43;-656;-2256;15984
171;20;75661;17;13;-18;-672;-2304;15936
171;20;75762;-12;43;-57;-704;-2288;15952
171;20;75863;28;5;-39;-656;-2224;16000
171;20;75964;-17;31;-34;-592;-2224;15984
171;20;76065;-2;2;-55;-560;-2240;16000
171;20;76166;-25;-5;-31;-624;-2272;15984
171;20;76267;15;40;-69;-624;-2240;16000
171;20;76368;17;28;-16;-624;-2256;16016
171;20;76469;9;-5;-33;-624;-2288;16000
171;20;76570;1;22;-58;-640;-2288;16000
171;20;76671;-7;1;23;-624;-2256;16016
171;20;76772;15;27;-48;-640;-2224;16112
171;20;76873;-4;25;-30;-672;-2288;16064
171;20;76974;24;20;-9;-672;-2288;16048
171;20;77075;11;45;-25;-640;-2272;16080
171;20;77176;5;25;-9;-608;-2240;16032
171;20;77277;32;-2;-49;-608;-2256;16016
171;20;77378;8;4;-47;-608;-2224;16048
171;20;77479;16;41;-41;-656;-2304;16016
171;20;77580;-7;21;-48;-624;-2240;16000
171;20;77681;49;22;-1;-688;-2288;16016
171;20;77782;19;31;-25;-704;-2160;16000
171;20;77883;-23;47;-46;-656;-2160;16064
171;20;77984;22;2;-72;-624;-2256;16016
171;20;78085;21;2;-51;-608;-2208;16032
171;20;78186;-3;-2;-23;-656;-2256;16048
171;20;78287;-26;26;-26;-672;-2240;16080
171;20;78388;7;19;-19;-704;-2224;16064
171;20;78489;20;-15;-37;-752;-2192;16032
171;20;78590;-3;-2;-38;-720;-2192;16016
171;20;78691;-21;23;-40;-656;-2192;15968
171;20;78792;-14;20;-41;-624;-2224;15968
171;20;78893;58;-14;-32;-608;-2224;16032
171;20;78994;117;-130;32;-544;-2256;16080
171;20;79095;24;-67;-61;-688;-2224;16064
171;20;79196;-11;101;-64;-736;-2240;16000
171;20;79297;97;247;-34;-848;-2192;16080
171;20;79398;-23;24;48;-608;-2288;16032
171;20;79499;58;-148;55;-560;-2272;16032
171;20;79600;-44;-57;-87;-560;-2192;16096
171;20;79701;18;14;-85;-688;-2240;16096
171;20;79802;49;166;-38;-752;-2208;16080
171;20;79903;-29;-110;89;-592;-2176;16144
171;20;80004;11;38;-23;-656;-2224;16016
171;20;80105;85;203;-179;-592;-2208;16064
171;20;80206;-6;7;-42;-640;-2224;15920
171;20;80307;31;-134;69;-624;-2208;16016
171;20;80408;-18;-24;-58;-640;-2176;15984
171;20;80509;-14;70;-66;-608;-2144;16016
171;20;80610;32;265;-116;-736;-2272;16032
171;20;80711;-43;-151;74;-640;-2224;16064
171;20;80812;36;-155;30;-560;-2176;16144
171;20;80913;-7;22;-128;-624;-2192;16096
171;20;81014;65;139;-116;-688;-2160;16032
171;20;81115;38;126;38;-816;-2176;16048
171;20;81216;58;-116;81;-560;-2256;16064
171;20;81317;40;-53;-43;-544;-2208;16016
171;20;81418;-60;84;-148;-624;-2176;16048
171;20;81519;79;65;-32;-704;-2224;16048
171;20;81620;77;-221;163;-720;-2208;16000
171;20;81721;51;34;-84;-656;-2112;16000
171;20;81822;-32;109;-89;-656;-2112;15984
171;20;81923;10;-44;22;-736;-2160;16032
171;20;82024;21;-90;29;-720;-2192;16128
171;20;82125;-18;100;-60;-672;-2208;16016
171;20;82226;-10;92;-68;-656;-2272;15904
171;20;82327;15;-46;-11;-640;-2240;15888
171;20;82428;73;7;-80;-624;-2144;15936
171;20;82529;-11;70;-39;-624;-2144;16000
171;20;82630;18;10;1;-640;-2176;16080
171;20;82731;-14;33;-7;-688;-2192;16032
171;20;82832;18;32;-62;-656;-2208;16080
171;20;82933;11;6;-39;-608;-2160;16064
171;20;83034;0;11;-54;-672;-2128;16000
171;20;83135;2;28;-30;-672;-2176;15984
171;20;83236;33;4;-83;-656;-2224;15952
171;20;83337;-22;-9;-36;-720;-2192;15936
171;20;83438;-16;22;-31;-672;-2224;15984
171;20;83539;-3;22;-25;-672;-2208;16048
171;20;83640;24;42;-70;-656;-2208;16032
171;20;83741;12;17;-76;-672;-2304;16000
171;20;83842;7;17;-41;-672;-2224;16016
171;20;83943;8;15;-35;-768;-2208;16080
171;20;84044;-11;13;-39;-784;-2160;16016
171;20;84145;7;-19;-39;-672;-2160;16080
171;20;84246;-26;32;-46;-672;-2128;16096
171;20;84347;16;26;-50;-656;-2128;16048
171;20;84448;18;-14;-7;-592;-2176;16080
171;20;84549;-18;-109;-5;-544;-2208;16112
171;20;84650;23;100;-65;-736;-2304;16096
171;20;84751;56;248;-96;-704;-2256;16048
171;20;84852;-14;-105;46;-560;-2240;16048
171;20;84953;16;-156;-16;-624;-2240;16048
171;20;85054;-74;113;-108;-688;-2240;16016
171;20;85155;56;234;-98;-800;-2256;16016
171;20;85256;11;-88;102;-736;-2176;16016
171;20;85357;42;-175;35;-544;-2208;16144
171;20;85458;-33;133;-152;-544;-2272;16000
171;20;85559;22;177;-115;-624;-2304;16032
171;20;85660;28;7;23;-768;-2240;16016
171;20;85761;68;-207;116;-464;-2224;16048
171;20;85862;-49;57;-119;-480;-2144;15888
171;20;85963;59;74;-105;-592;-2208;15904
171;20;86064;-11;97;37;-736;-2224;15936
171;20;86165;-3;-185;98;-512;-2208;16000
171;20;86266;22;113;-88;-560;-2240;16080
171;20;86367;-27;97;-122;-672;-2192;16096
171;20;86468;24;-69;-26;-736;-2128;16032
171;20;86569;12;-259;141;-464;-2176;16048
171;20;86670;21;138;-91;-464;-2192;15952
171;20;86771;38;95;-131;-688;-2128;16016
171;20;86872;20;177;5;-544;-2064;15984
171;20;86973;-6;-178;73;-656;-2176;16032
171;20;87074;31;-67;-72;-656;-2192;16000
171;20;87175;-66;134;-161;-720;-2272;16080
171;20;87276;141;260;-43;-880;-2160;16048
171;20;87377;-30;-147;96;-704;-2208;16144
171;20;87478;123;-195;-6;-592;-2208;16064
171;20;87579;-173;106;-152;-624;-2240;16064
171;20;87680;178;388;-109;-832;-2240;15952
171;20;87781;-96;-206;107;-448;-2256;16080
171;20;87882;119;-274;95;-496;-2160;16160
171;20;87983;-149;68;-121;-624;-2160;15968
171;20;88084;87;164;-155;-608;-2176;15952
171;20;88185;-52;68;24;-720;-2160;15984
171;20;88286;99;-275;136;-576;-2224;16144
171;20;88387;-19;44;-136;-656;-2144;16000
171;20;88488;5;167;-178;-720;-2208;15952
171;20;88589;32;215;-71;-880;-2192;16048
171;20;88690;-46;-160;119;-592;-2208;16000
171;20;88791;34;-138;-63;-464;-2224;15888
171;20;88892;-97;188;-139;-640;-2192;15936
171;20;88993;154;121;-81;-688;-2208;16096
171;20;89094;-91;-132;56;-528;-2192;16096
171;20;89195;42;53;-67;-608;-2176;16016
171;20;89296;6;-15;-72;-608;-2192;15936
171;20;89397;30;41;-48;-640;-2128;15920
171;20;89498;-21;47;5;-688;-2176;15952
171;20;89599;69;26;7;-672;-2144;16016
171;20;89700;-16;37;-57;-576;-2192;16112
171;20;89801;29;3;-68;-544;-2192;16128
171;20;89902;1;21;-68;-528;-2208;16064
171;20;90003;11;22;-45;-544;-2240;16032
171;20;90104;29;-2;-16;-608;-2240;16064
171;20;90205;33;12;-29;-704;-2192;15984
171;20;90306;6;0;-45;-672;-2128;16000
171;20;90407;-1;-58;-47;-608;-2160;16000
171;20;90508;1;-10;-50;-672;-2160;16032
171;20;90609;-22;29;-27;-656;-2240;16048
171;20;90710;3;-5;-42;-624;-2176;16000
171;20;90811;41;90;-56;-688;-2176;15984
171;20;90912;-19;37;-9;-736;-2208;16016
171;20;91013;24;-96;-13;-704;-2192;15984
171;20;91114;3;137;-79;-672;-2224;16016
171;20;91215;58;117;-69;-816;-2208;15984
171;20;91316;-70;-79;20;-768;-2144;15936
171;20;91417;48;-74;-17;-528;-2208;16064
171;20;91518;-46;32;-93;-608;-2240;16080
171;20;91619;76;175;-29;-768;-2224;15984
171;20;91720;-18;-177;35;-704;-2304;16128
171;20;91821;64;-89;5;-672;-2192;16000
171;20;91922;-109;194;-91;-688;-2208;16000
171;20;92023;51;-105;-3;-512;-2160;15968
171;20;92124;-39;-83;34;-672;-2160;15920
171;20;92225;45;133;-119;-704;-2256;16016
171;20;92326;-45;51;-16;-608;-2240;16032
171;20;92427;83;-104;42;-672;-2160;16064
171;20;92528;-27;43;-51;-784;-2208;16048
171;20;92629;53;252;-134;-752;-2176;16064
171;20;92730;46;-188;72;-512;-2224;16016
171;20;92831;32;-225;39;-560;-2176;16064
171;20;92932;-24;125;-111;-736;-2128;16048
171;20;93033;32;215;-90;-800;-2224;16128
171;20;93134;-37;-90;100;-576;-2176;16016
171;20;93235;60;-208;60;-672;-2272;16016
171;20;93336;-47;84;-140;-784;-2144;16064
171;20;93437;16;153;-97;-864;-2160;16064
171;20;93538;48;113;64;-912;-2128;16112
171;20;93639;33;-61;48;-592;-2144;16112
171;20;93740;6;-152;-141;-432;-2176;16032
171;20;93841;-74;110;-135;-736;-2112;15936
171;20;93942;48;229;-66;-784;-2096;15984
171;20;94043;-27;-62;81;-768;-2112;16016
171;20;94144;64;-213;57;-688;-2128;16048
171;20;94245;-45;127;-154;-624;-2048;15984
171;20;94346;-10;147;-149;-608;-2224;16128
171;20;94447;53;38;20;-848;-2192;16192
171;20;94548;-11;-98;96;-544;-2224;16112
171;20;94649;-19;-238;-111;-448;-2160;16112
171;20;94750;-75;124;-182;-720;-2096;16048
171;20;94851;74;261;-127;-832;-2176;16032
171;20;94952;-9;54;122;-960;-2160;16128
171;20;95053;60;-144;109;-608;-2176;16096
171;20;95154;-22;98;-185;-512;-2112;16032
171;20;95255;-30;26;-163;-448;-2176;15984
171;20;95356;-3;44;-22;-624;-2256;16016
171;20;95457;46;19;64;-768;-2208;16096
171;20;95558;24;42;-39;-736;-2176;16112
171;20;95659;3;2;-88;-608;-2240;16080
171;20;95760;18;11;-72;-608;-2208;16096
171;20;95861;34;30;-14;-656;-2208;16064
171;20;95962;-11;27;-22;-592;-2240;16000
171;20;96063;42;2;-15;-560;-2240;16016
171;20;96164;9;34;-40;-592;-2192;16048
171;20;96265;16;26;-32;-624;-2208;15968
171;20;96366;-11;-39;-12;-592;-2176;16016
171;20;96467;-26;44;-36;-608;-2192;16016
171;20;96568;7;22;-30;-672;-2176;15952
171;20;96669;11;-5;-61;-656;-2224;15968
171;20;96770;5;38;-44;-560;-2240;16000
171;20;96871;-17;41;-10;-592;-2160;16000
171;20;96972;7;3;-63;-656;-2192;15984
171;20;97073;-16;2;-34;-608;-2192;15984
171;20;97174;10;22;-57;-560;-2128;16016
171;20;97275;28;19;-66;-576;-2256;16080
171;20;97376;6;2;-56;-672;-2272;16112
171;20;97477;-15;30;-17;-672;-2224;16080
171;20;97578;-1;18;-32;-672;-2224;16128
171;20;97679;9;36;-41;-688;-2256;16128
171;20;97780;-1;-6;-56;-656;-2224;16064
171;20;97881;16;6;-36;-640;-2208;16016
171;20;97982;20;16;-41;-608;-2240;16080
171;20;98083;-5;28;-13;-608;-2192;16064
171;20;98184;52;35;-67;-640;-2144;16112
171;20;98285;17;56;-29;-624;-2192;16080
171;20;98386;3;12;-50;-640;-2192;16048
171;20;98487;-12;21;-58;-672;-2240;16128
171;20;98588;27;31;-71;-640;-2240;16064
171;20;98689;17;3;-34;-720;-2208;16048
171;20;98790;-4;40;3;-624;-2144;16016
171;20;98891;-6;16;-53;-624;-2176;16000
171;20;98992;0;6;-58;-624;-2240;15984
171;20;99093;7;26;-42;-576;-2224;16016
171;20;99194;9;-13;-32;-608;-2224;16048
171;20;99295;-10;2;-37;-560;-2208;16064
171;20;99396;11;-16;-75;-656;-2176;16048
171;20;99497;-40;41;3;-624;-2208;16048
171;20;99598;22;-3;-15;-624;-2192;16080
171;20;99699;13;8;-20;-640;-2160;16128
171;20;99800;23;33;-43;-672;-2160;16032
171;20;99901;35;-7;-47;-672;-2144;16000
171;20;100002;11;11;-21;-720;-2160;16000
171;20;100103;-5;2;-70;-688;-2128;15968
171;20;100204;57;-27;-33;-624;-2176;16000
171;20;100305;6;-10;-36;-640;-2240;15968
171;20;100406;2;16;-43;-592;-2208;16016
171;20;100507;21;20;-69;-640;-2192;16016
171;20;100608;19;10;-55;-640;-2192;15984
171;20;100709;23;-1;-54;-656;-2160;16032
171;20;100810;-8;6;-20;-624;-2192;16000
171;20;100911;-27;15;-29;-624;-2224;16064
171;20;101012;22;2;-21;-672;-2224;16064
171;20;101113;-6;-9;-47;-624;-2176;15984
171;20;101214;5;54;-18;-576;-2208;16000
171;20;101315;-9;33;-42;-624;-2208;16016
171;20;101416;-13;35;-45;-608;-2128;16080
171;20;101517;9;1;-26;-672;-2192;16080
171;20;101618;24;15;-15;-672;-2192;16048
171;20;101719;10;-16;-47;-720;-2192;16112
171;20;101820;13;15;-34;-656;-2144;16096
171;20;101921;21;4;-38;-608;-2224;16096
171;20;102022;2;26;-19;-576;-2176;16048
171;20;102123;-29;-6;-44;-576;-2144;16016
171;20;102224;30;-4;-28;-624;-2208;16048
171;20;102325;10;22;-41;-640;-2176;16000
171;20;102426;-1;22;-35;-592;-2176;15936
171;20;102527;55;19;-53;-528;-2208;15984
171;20;102628;38;14;-19;-576;-2240;16048
171;20;102729;18;13;-49;-640;-2224;16048
171;20;102830;-3;22;-22;-624;-2224;16048
171;20;102931;52;10;-35;-608;-2224;16064
171;20;103032;12;-1;-44;-624;-2208;16080
171;20;103133;35;9;-21;-672;-2208;16064
171;20;103234;34;12;-37;-720;-2192;15984
171;20;103335;8;15;29;-688;-2240;15968
171;20;103436;34;2;-75;-656;-2240;15984
171;20;103537;33;18;-39;-592;-2240;16016
171;20;103638;27;17;-23;-656;-2208;16000
171;20;103739;47;-12;-48;-672;-2176;15984
171;20;103840;4;29;-2;-704;-2144;15936
171;20;103941;25;22;-9;-640;-2128;15952
171;20;104042;25;15;-36;-656;-2208;15952
171;20;104143;2;44;-24;-656;-2256;15968
171;20;104244;1;4;-46;-704;-2224;15984
171;20;104345;-3;-11;-33;-736;-2192;15968
171;20;104446;-17;15;-50;-800;-2144;15968
171;20;104547;40;-15;-54;-704;-2224;16032
171;20;104648;28;-7;-39;-688;-2144;16000
171;20;104749;-8;18;-8;-672;-2144;16000
171;20;104850;34;24;-50;-640;-2144;16000
171;20;104951;17;13;-44;-608;-2176;15936
171;20;105052;7;38;6;-640;-2192;15984
171;20;105153;-15;16;-33;-640;-2112;15904
171;20;105254;7;26;-48;-608;-2144;16048
171;20;105355;9;45;-37;-624;-2176;16048
171;20;105456;21;24;-55;-672;-2192;16016
171;20;105557;11;-2;-56;-672;-2208;16032
171;20;105658;9;52;-44;-656;-2224;16000
171;20;105759;8;15;-26;-672;-2192;16048
171;20;105860;7;-1;-37;-640;-2208;16048
171;20;105961;4;0;-53;-688;-2224;16048
171;20;106062;14;8;-19;-672;-2160;16096
171;20;106163;3;28;-75;-640;-2192;16080
171;20;106264;48;23;-67;-672;-2192;16032
171;20;106365;30;37;-16;-656;-2176;15984
171;20;106466;32;27;-34;-656;-2128;16064
171;20;106567;7;16;-7;-656;-2112;16096
171;20;106668;41;11;-64;-656;-2112;16032
171;20;106769;21;-8;-58;-688;-2096;16064
171;20;106870;-7;-13;-14;-640;-2128;16016
171;20;106971;41;-6;-65;-624;-2128;16048
171;20;107072;14;1;-52;-640;-2128;16032
171;20;107173;32;26;0;-640;-2224;16064
171;20;107274;40;8;-11;-672;-2272;16048
171;20;107375;-15;36;-14;-704;-2160;16032
171;20;107476;21;13;-49;-704;-2240;16080
171;20;107577;6;16;-15;-704;-2224;16064
171;20;107678;-12;6;-40;-704;-2224;16048
171;20;107779;0;25;-32;-704;-2176;16032
171;20;107880;-3;8;-46;-720;-2160;16048
171;20;107981;-3;8;-21;-672;-2144;15984
171;20;108082;-12;-1;-33;-736;-2128;15952
171;20;108183;-42;12;-26;-784;-2096;15952
171;20;108284;-1;-13;-47;-688;-2160;15968
171;20;108385;25;3;-55;-688;-2160;16016
171;20;108486;6;13;-22;-704;-2160;16048
171;20;108587;-3;18;-8;-672;-2224;15984
171;20;108688;15;16;-51;-624;-2192;15968
171;20;108789;1;11;-18;-640;-2160;15984
171;20;108890;31;10;-22;-672;-2160;16016
171;20;108991;32;15;-30;-672;-2192;16000
171;20;109092;14;-1;-4;-672;-2144;16032
171;20;109193;51;-2;-69;-688;-2224;16032
171;20;109294;18;14;-26;-656;-2240;15968
171;20;109395;25;16;-50;-624;-2224;16032
171;20;109496;-20;9;-12;-640;-2192;16080
171;20;109597;13;-23;-61;-640;-2176;16048
171;20;109698;2;15;-42;-608;-2192;16000
171;20;109799;2;-4;-42;-672;-2176;15968
171;20;109900;32;22;-26;-640;-2176;16064
171;20;110001;24;28;-23;-624;-2176;16032
171;20;110102;6;16;-39;-688;-2240;16016
171;20;110203;27;-4;-48;-736;-2240;16032
171;20;110304;8;-20;-22;-720;-2112;16032
171;20;110405;14;21;-18;-672;-2176;16000
171;20;110506;19;23;-46;-640;-2176;15968
171;20;110607;-17;30;-16;-624;-2144;15920
171;20;110708;24;-11;-25;-640;-2208;15920
171;20;110809;18;24;-36;-592;-2192;15904
171;20;110910;41;-6;29;-576;-2128;15952
171;20;111011;-7;35;-28;-656;-2096;15984
171;20;111112;8;18;-41;-624;-2160;16032
171;20;111213;5;1;-22;-688;-2192;16016
171;20;111314;-23;8;-36;-672;-2176;16032
171;20;111415;20;-1;-40;-672;-2160;16000
171;20;111516;26;-5;-36;-656;-2144;16000
171;20;111617;29;8;-61;-656;-2144;16048
171;20;111718;-1;6;-62;-656;-2160;16080
171;20;111819;-11;10;-45;-624;-2064;16096
171;20;111920;22;7;-41;-656;-2128;16048
171;20;112021;3;23;-57;-704;-2128;16064
171;20;112122;-4;26;-69;-720;-2144;16032
171;20;112223;-7;12;-33;-688;-2160;16096
171;20;112324;20;18;-45;-672;-2144;16112
171;20;112425;50;34;-55;-720;-2112;16064
171;20;112526;25;17;-78;-688;-2096;16080
171;20;112627;21;6;-3;-672;-2128;16048
171;20;112728;244;20;-11;-720;-2112;16016
171;20;112829;4;0;-22;-656;-2176;16032
171;20;112930;23;12;-23;-688;-2208;16080
171;20;113031;9;23;-28;-672;-2192;16144
171;20;113132;-28;0;-57;-704;-2144;16128
171;20;113233;20;6;-17;-688;-2128;16112
171;20;113334;-1;12;-48;-688;-2208;16096
171;20;113435;50;33;-50;-608;-2144;16080
171;20;113536;10;15;-22;-608;-2176;16048
171;20;113637;18;5;-38;-560;-2192;16048
171;20;113738;22;-6;-27;-560;-2176;16080
171;20;113839;21;15;-22;-640;-2176;16000
171;20;113940;13;2;-21;-688;-2160;16000
171;20;114041;1;27;-24;-720;-2144;16048
171;20;114142;26;19;1;-672;-2160;16096
171;20;114243;19;19;-35;-640;-2128;16032
171;20;114344;38;15;-9;-608;-2192;16032
171;20;114445;40;30;-48;-672;-2160;16112
171;20;114546;1;43;-17;-720;-2160;16080
171;20;114647;16;33;-25;-608;-2192;16080
171;20;114748;19;6;-63;-640;-2176;16048
171;20;114849;14;18;-84;-704;-2144;16048
171;20;114950;-20;17;6;-656;-2128;16128
171;20;115051;5;-3;-35;-608;-2096;16064
171;20;115152;-4;5;-27;-672;-2112;16080
171;20;115253;34;42;-52;-720;-2160;16000
171;20;115354;18;21;-56;-688;-2112;16080
171;20;115455;-7;34;-39;-720;-2080;16032
171;20;115556;9;22;-15;-720;-2160;16016
171;20;115657;8;13;-20;-608;-2208;16064
171;20;115758;5;-13;-58;-592;-2176;16016
171;20;115859;0;48;-24;-656;-2176;16048
171;20;115960;14;11;-45;-672;-2192;16032
171;20;116061;9;10;-15;-752;-2112;16048
171;20;116162;18;3;-13;-720;-2112;16000
171;20;116263;2;4;-31;-720;-2128;15952
171;20;116364;2;4;-28;-688;-2160;16032
171;20;116465;32;-4;-23;-688;-2144;16080
171;20;116566;-1;11;-35;-640;-2144;16096
171;20;116667;23;17;-46;-720;-2192;16032
171;20;116768;32;5;-39;-736;-2112;16128
171;20;116869;11;0;-43;-672;-2128;16080
171;20;116970;10;5;-18;-720;-2128;16032
171;20;117071;-9;12;-38;-720;-2192;16048
171;20;117172;27;-19;-46;-704;-2208;16048
171;20;117273;23;1;-15;-736;-2160;16016
171;20;117374;4;15;-28;-720;-2176;16016
171;20;117475;3;-4;-46;-672;-2144;16048
171;20;117576;6;22;-11;-688;-2208;16064
171;20;117677;-1;32;-22;-720;-2224;16032
171;20;117778;12;10;-25;-688;-2192;16000
171;20;117879;16;-28;-31;-672;-2192;16032
171;20;117980;-13;-1;-60;-672;-2176;16048
171;20;118081;19;-15;-38;-704;-2144;16016
171;20;118182;40;-2;-39;-720;-2144;16016
171;20;118283;-17;-13;-51;-656;-2144;16080
171;20;118384;9;-19;-37;-640;-2160;16112
171;20;118485;-10;-4;-47;-656;-2096;16112
171;20;118586;31;-15;-32;-624;-2128;16096
171;20;118687;20;22;-73;-640;-2224;16064
171;20;118788;33;3;-85;-656;-2144;16096
171;20;118889;20;15;-60;-656;-2224;16000
171;20;118990;-8;8;-37;-624;-2192;16016
171;20;119091;-7;12;-39;-640;-2176;16064
171;20;119192;17;20;-78;-688;-2176;16080
171;20;119293;23;1;-15;-688;-2208;16048
171;20;119394;-3;3;-37;-720;-2144;15936
171;20;119495;13;-6;-14;-608;-2208;16016
171;20;119596;11;-8;-51;-656;-2192;16064
171;20;119697;12;22;-61;-640;-2176;16080
171;20;119798;19;16;-64;-624;-2208;16048
171;20;119899;13;26;-31;-656;-2144;16048
171;20;120000;8;11;-35;-608;-2080;16080
171;20;120101;-13;27;-82;-672;-2128;16016
171;20;120202;12;-4;-36;-672;-2192;16000
171;20;120303;3;50;-37;-608;-2160;15968
171;20;120404;-13;47;-80;-592;-2192;16000
171;20;120505;-5;8;-51;-656;-2208;16016
171;20;120606;28;-5;-11;-672;-2240;16064
171;20;120707;23;21;-45;-688;-2240;16064
171;20;120808;24;23;-21;-672;-2256;16016
171;20;120909;-2;30;-47;-688;-2192;15920
171;20;121010;0;40;-25;-688;-2144;15968
171;20;121111;63;1;-19;-720;-2176;15952
171;20;121212;-12;32;-56;-688;-2192;16000
171;20;121313;12;23;-46;-720;-2128;16016
171;20;121414;9;4;-30;-704;-2192;16032
171;20;121515;-6;-8;-48;-656;-2144;16016
171;20;121616;15;45;-50;-656;-2208;16080
171;20;121717;40;-3;-34;-688;-2176;16080
171;20;121818;45;27;-8;-656;-2208;16016
171;20;121919;-3;12;-9;-640;-2208;16016
171;20;122020;59;39;-62;-640;-2144;16032
171;20;122121;-14;20;-62;-640;-2112;16064
171;20;122222;27;10;-29;-656;-2224;16064
171;20;122323;-3;42;-41;-656;-2160;16032
171;20;122424;7;-8;-47;-688;-2144;16096
171;20;122525;12;10;-42;-656;-2176;16048
171;20;122626;20;16;-48;-688;-2192;16064
171;20;122727;16;2;-3;-672;-2208;16048
171;20;122828;-37;-16;-32;-736;-2176;16064
171;20;122929;47;18;-15;-704;-2176;16096
171;20;123030;-41;26;-9;-688;-2160;16032
171;20;123131;28;11;-15;-640;-2176;16064
171;20;123232;-6;-10;-28;-704;-2176;16064
171;20;123333;52;-23;-7;-736;-2144;16016
171;20;123434;84;-91;-3;-672;-2224;15984
171;20;123535;1;-51;7;-768;-2192;16032
171;20;123636;25;35;95;-768;-2112;16064
171;20;123737;-10;32;8;-800;-2048;16064
171;20;123838;-74;42;-115;-544;-2240;16016
171;20;123939;10;41;-182;-608;-2272;16064
171;20;124040;-33;-27;-100;-656;-2272;16032
171;20;124141;37;-28;-7;-800;-2192;16032
171;20;124242;-8;42;66;-784;-2112;16032
171;20;124343;30;-17;-40;-704;-2128;16080
171;20;124444;0;-8;-91;-688;-2176;16048
171;20;124545;-6;0;-107;-784;-2192;16064
171;20;124646;17;14;-89;-720;-2208;15984
171;20;124747;-15;3;-77;-768;-2240;15936
171;20;124848;72;13;-49;-864;-2240;15936
171;20;124949;27;29;17;-832;-2144;16000
171;20;125050;-21;12;-69;-784;-2272;16016
171;20;125151;19;85;55;-720;-2224;16032
171;20;125252;-21;64;-84;-672;-2208;16048
171;20;125353;-15;-18;-78;-592;-2160;16112
171;20;125454;-2;19;-16;-592;-2208;16048
171;20;125555;14;42;609;-736;-2416;16080
171;20;125656;-17;80;39;-912;-2112;16192
171;20;125757;-42;64;-72;-784;-2160;16096
171;20;125858;68;30;-20;-640;-2192;16032
171;20;125959;-39;32;-28;-656;-2080;16032
171;20;126060;14;-7;-42;-672;-2224;16016
171;20;126161;22;4;-65;-672;-2176;16080
171;20;126262;19;-20;-23;-736;-2176;16016
171;20;126363;22;12;-42;-736;-2208;16048
171;20;126464;28;22;-53;-784;-2176;16048
171;20;126565;-16;24;-82;-688;-2208;16016
171;20;126666;20;-9;-26;-672;-2208;16112
171;20;126767;-12;-14;96;-720;-2240;16080
171;20;126868;-60;-28;-49;-624;-2224;16016
171;20;126969;76;-8;-91;-720;-2304;16128
171;20;127070;-78;35;-44;-704;-2240;16096
171;20;127171;4;61;-252;-736;-2224;16048
171;20;127272;55;64;-229;-640;-2240;16032
171;20;127373;2;14;324;-480;-2192;16240
171;20;127474;-15;59;-357;-512;-2384;16160
171;20;127575;6;82;-492;-560;-2528;16064
171;20;127676;-65;262;-720;-592;-2368;16064
171;20;127777;75;167;-734;-752;-2416;16000
171;20;127878;-109;56;-192;-624;-2032;16128
171;20;127979;87;79;-108;-768;-2176;15920
171;20;128080;-33;9;31;-672;-2144;16000
171;20;128181;113;-19;134;-608;-2208;16016
171;20;128282;-42;1;214;-512;-2096;16016
171;20;128383;129;-195;567;-592;-2432;15920
171;20;128484;74;-23;804;-496;-2368;16000
171;20;128585;-39;-29;4;-576;-2304;15968
171;20;128686;40;-18;-24;-624;-2208;16016
171;20;128787;-130;-5;60;-528;-2144;15984
171;20;128888;2;-112;-8;-544;-2288;15984
171;20;128989;-38;-12;34;-432;-2336;16016
171;20;129090;22;-16;-53;-704;-2336;15936
171;20;129191;10;0;-40;-608;-2384;16000
171;20;129292;16;24;-2;-592;-2288;16016
171;20;129393;-5797;6976;898;-816;-2576;16816
